Network,components,,,,,,largest,,,,,,pairwise,,,,,
,0.05,,,1,,,0.05,,,1,,,0.05,,,1,,
,Avg,StdDevP,XC1,Avg,StdDevP,XC2,Avg,StdDevP,XL1,Avg,StdDevP,XL2,Avg,StdDevP,XP1,Avg,StdDevP,XP2
cor_adjnoun-w.txt,12.50,1.02,12.5 ± 1.02,12.00,1.34,12 ± 1.34,95.40,0.92,95.4 ± 0.92,95.90,1.37,95.9 ± 1.37,4570.00,89.78,4570 ± 89.78,4570.50,131.92,4570.5 ± 131.92
cor_celegans_metabolic-w.txt,19.00,5.51,19 ± 5.51,23.30,4.38,23.3 ± 4.38,385.20,10.38,385.2 ± 10.38,386.70,8.76,386.7 ± 8.76,76483.30,3536.92,76483.3 ± 3536.92,75361.20,3593.54,75361.2 ± 3593.54
cor_celegansneural-w.txt,16.40,2.62,16.4 ± 2.62,17.60,1.80,17.6 ± 1.8,266.80,1.60,266.8 ± 1.6,268.80,3.63,268.8 ± 3.63,35728.20,728.27,35728.2 ± 728.27,35648.30,751.51,35648.3 ± 751.51
cor_dolphins-w.txt,8.90,0.54,8.9 ± 0.54,8.20,0.98,8.2 ± 0.98,51.60,0.49,51.6 ± 0.49,50.70,0.64,50.7 ± 0.64,1300.70,41.12,1300.7 ± 41.12,1255.20,40.35,1255.2 ± 40.35
cor_football-w.txt,1.00,0.00,1 ± 0,1.00,0.00,1 ± 0,110.00,0.00,110 ± 0,110.00,0.00,110 ± 0,5995.00,0.00,5995 ± 0,5995.00,0.00,5995 ± 0
cor_jazz-w.txt,7.50,1.12,7.5 ± 1.12,6.80,1.08,6.8 ± 1.08,182.00,1.55,182 ± 1.55,182.00,1.61,182 ± 1.61,16508.70,210.83,16508.7 ± 210.83,16455.20,295.60,16455.2 ± 295.6
cor_karate-w.txt,3.60,0.66,3.6 ± 0.66,3.80,0.98,3.8 ± 0.98,26.10,0.54,26.1 ± 0.54,28.00,2.49,28 ± 2.49,353.20,38.65,353.2 ± 38.65,376.80,60.42,376.8 ± 60.42
cor_lesmis-w.txt,18.00,1.55,18 ± 1.55,18.00,1.90,18 ± 1.9,48.90,1.97,48.9 ± 1.97,50.40,2.37,50.4 ± 2.37,1240.30,169.25,1240.3 ± 169.25,1255.70,205.00,1255.7 ± 205
cor_n050plai01.txt,2.20,0.40,2.2 ± 0.4,1.80,0.40,1.8 ± 0.4,47.20,0.60,47.2 ± 0.6,46.90,0.30,46.9 ± 0.3,1090.50,28.00,1090.5 ± 28,1099.80,23.03,1099.8 ± 23.03
cor_n100plai01.txt,1.90,0.54,1.9 ± 0.54,2.40,0.49,2.4 ± 0.49,93.50,0.67,93.5 ± 0.67,93.50,0.81,93.5 ± 0.81,4334.30,73.78,4334.3 ± 73.78,4325.40,83.31,4325.4 ± 83.31
cor_n150plai01.txt,2.90,0.54,2.9 ± 0.54,2.90,0.54,2.9 ± 0.54,140.90,1.04,140.9 ± 1.04,141.20,0.75,141.2 ± 0.75,9870.20,88.86,9870.2 ± 88.86,9870.30,88.70,9870.3 ± 88.7
cor_n200plai01.txt,3.70,0.90,3.7 ± 0.9,3.60,0.80,3.6 ± 0.8,187.20,0.75,187.2 ± 0.75,186.90,0.83,186.9 ± 0.83,17409.90,130.59,17409.9 ± 130.59,17429.00,182.79,17429 ± 182.79
cor_n250plai01.txt,7.20,0.87,7.2 ± 0.87,7.40,0.92,7.4 ± 0.92,229.00,1.34,229 ± 1.34,229.40,1.36,229.4 ± 1.36,26132.80,425.46,26132.8 ± 425.46,26178.30,229.57,26178.3 ± 229.57
cor_n300plai01.txt,6.80,1.60,6.8 ± 1.6,6.10,1.04,6.1 ± 1.04,279.00,1.18,279 ± 1.18,279.00,0.77,279 ± 0.77,38811.10,382.31,38811.1 ± 382.31,38782.50,215.34,38782.5 ± 215.34
cor_n350plai01.txt,14.20,1.78,14.2 ± 1.78,13.60,2.15,13.6 ± 2.15,314.90,2.39,314.9 ± 2.39,314.80,2.14,314.8 ± 2.14,49025.00,545.67,49025 ± 545.67,49305.70,402.60,49305.7 ± 402.6
cor_polbooks-w.txt,3.10,0.54,3.1 ± 0.54,3.30,0.64,3.3 ± 0.64,97.70,0.78,97.7 ± 0.78,97.80,0.40,97.8 ± 0.4,4753.30,61.67,4753.3 ± 61.67,4686.70,104.64,4686.7 ± 104.64
hos_20_r1_1.txt,2.00,0.00,2 ± 0,2.00,0.00,2 ± 0,10.00,0.00,10 ± 0,10.00,0.00,10 ± 0,81.00,0.00,81 ± 0,81.00,0.00,81 ± 0
hos_20_r2_1.txt,1.90,0.30,1.9 ± 0.3,2.00,0.00,2 ± 0,18.00,0.00,18 ± 0,18.00,0.00,18 ± 0,153.00,0.00,153 ± 0,153.00,0.00,153 ± 0
hos_25_r1_1.txt,2.00,0.00,2 ± 0,2.00,0.00,2 ± 0,19.00,0.00,19 ± 0,16.20,0.40,16.2 ± 0.4,181.00,0.00,181 ± 0,149.80,3.60,149.8 ± 3.6
hos_25_r2_1.txt,1.70,0.46,1.7 ± 0.46,1.80,0.40,1.8 ± 0.4,23.60,0.49,23.6 ± 0.49,23.30,0.46,23.3 ± 0.46,257.60,9.20,257.6 ± 9.2,259.90,10.54,259.9 ± 10.54
hos_30_r1_1.txt,2.10,0.30,2.1 ± 0.3,2.10,0.30,2.1 ± 0.3,26.80,0.75,26.8 ± 0.75,26.60,0.80,26.6 ± 0.8,344.80,11.00,344.8 ± 11,345.00,15.78,345 ± 15.78
hos_30_r2_1.txt,1.80,0.40,1.8 ± 0.4,2.00,0.00,2 ± 0,28.10,0.30,28.1 ± 0.3,28.30,0.46,28.3 ± 0.46,378.00,0.00,378 ± 0,380.80,8.40,380.8 ± 8.4
hos_35_r1_1.txt,2.80,0.40,2.8 ± 0.4,2.90,0.30,2.9 ± 0.3,30.90,0.30,30.9 ± 0.3,31.00,0.45,31 ± 0.45,464.30,7.82,464.3 ± 7.82,458.90,11.74,458.9 ± 11.74
hos_35_r2_1.txt,1.00,0.00,1 ± 0,1.20,0.40,1.2 ± 0.4,33.90,0.30,33.9 ± 0.3,33.90,0.30,33.9 ± 0.3,557.70,9.90,557.7 ± 9.9,561.00,0.00,561 ± 0
hos_40_r1_1.txt,2.50,0.50,2.5 ± 0.5,2.40,0.49,2.4 ± 0.49,36.00,0.63,36 ± 0.63,35.50,0.81,35.5 ± 0.81,630.70,27.11,630.7 ± 27.11,626.90,10.31,626.9 ± 10.31
hos_40_r2_1.txt,1.00,0.00,1 ± 0,1.10,0.30,1.1 ± 0.3,38.00,0.00,38 ± 0,37.90,0.30,37.9 ± 0.3,703.00,0.00,703 ± 0,703.00,0.00,703 ± 0
hos_45_r1_1.txt,2.70,0.46,2.7 ± 0.46,2.50,0.50,2.5 ± 0.5,41.50,0.50,41.5 ± 0.5,41.30,0.46,41.3 ± 0.46,844.60,20.09,844.6 ± 20.09,832.30,18.79,832.3 ± 18.79
hos_45_r2_1.txt,1.00,0.00,1 ± 0,1.00,0.00,1 ± 0,43.00,0.00,43 ± 0,43.00,0.00,43 ± 0,903.00,0.00,903 ± 0,903.00,0.00,903 ± 0
hos_50_r1_1.txt,2.90,0.30,2.9 ± 0.3,2.60,0.49,2.6 ± 0.49,46.70,0.64,46.7 ± 0.64,46.30,0.78,46.3 ± 0.78,1053.40,22.54,1053.4 ± 22.54,1067.40,29.08,1067.4 ± 29.08
hos_50_r2_1.txt,1.00,0.00,1 ± 0,1.00,0.00,1 ± 0,48.00,0.00,48 ± 0,48.00,0.00,48 ± 0,1128.00,0.00,1128 ± 0,1128.00,0.00,1128 ± 0
mac_grafo10dens30.txt,1.00,0.00,1 ± 0,1.00,0.00,1 ± 0,10.00,0.00,10 ± 0,10.00,0.00,10 ± 0,45.00,0.00,45 ± 0,45.00,0.00,45 ± 0
mac_grafo11dens30.txt,1.00,0.00,1 ± 0,1.00,0.00,1 ± 0,11.00,0.00,11 ± 0,11.00,0.00,11 ± 0,55.00,0.00,55 ± 0,55.00,0.00,55 ± 0
mac_grafo12dens30.txt,1.00,0.00,1 ± 0,1.00,0.00,1 ± 0,12.00,0.00,12 ± 0,12.00,0.00,12 ± 0,66.00,0.00,66 ± 0,66.00,0.00,66 ± 0
mac_grafo13dens30.txt,1.00,0.00,1 ± 0,1.00,0.00,1 ± 0,13.00,0.00,13 ± 0,13.00,0.00,13 ± 0,78.00,0.00,78 ± 0,78.00,0.00,78 ± 0
mac_grafo14dens30.txt,1.00,0.00,1 ± 0,1.00,0.00,1 ± 0,14.00,0.00,14 ± 0,14.00,0.00,14 ± 0,91.00,0.00,91 ± 0,91.00,0.00,91 ± 0
mac_grafo15dens30.txt,1.00,0.00,1 ± 0,1.00,0.00,1 ± 0,15.00,0.00,15 ± 0,15.00,0.00,15 ± 0,105.00,0.00,105 ± 0,105.00,0.00,105 ± 0
mac_grafo16dens30.txt,1.70,0.46,1.7 ± 0.46,1.60,0.49,1.6 ± 0.49,15.20,0.40,15.2 ± 0.4,15.20,0.40,15.2 ± 0.4,109.50,6.87,109.5 ± 6.87,108.00,6.00,108 ± 6
mac_grafo17dens30.txt,1.80,0.40,1.8 ± 0.4,1.70,0.46,1.7 ± 0.46,16.40,0.49,16.4 ± 0.49,16.40,0.49,16.4 ± 0.49,124.80,7.33,124.8 ± 7.33,124.80,7.33,124.8 ± 7.33
mac_grafo18dens30.txt,1.00,0.00,1 ± 0,1.00,0.00,1 ± 0,18.00,0.00,18 ± 0,18.00,0.00,18 ± 0,153.00,0.00,153 ± 0,153.00,0.00,153 ± 0
mac_grafo19dens30.txt,1.00,0.00,1 ± 0,1.00,0.00,1 ± 0,19.00,0.00,19 ± 0,19.00,0.00,19 ± 0,171.00,0.00,171 ± 0,171.00,0.00,171 ± 0
mac_grafo20dens30.txt,1.00,0.00,1 ± 0,1.70,0.46,1.7 ± 0.46,19.00,0.00,19 ± 0,18.20,0.40,18.2 ± 0.4,171.00,0.00,171 ± 0,156.60,7.20,156.6 ± 7.2
mac_grafo21dens30.txt,1.90,0.30,1.9 ± 0.3,1.40,0.49,1.4 ± 0.49,19.20,0.40,19.2 ± 0.4,19.40,0.49,19.4 ± 0.49,176.70,8.71,176.7 ± 8.71,171.00,0.00,171 ± 0
mac_grafo22dens30.txt,1.60,0.49,1.6 ± 0.49,1.30,0.46,1.3 ± 0.46,20.30,0.64,20.3 ± 0.64,20.60,0.66,20.6 ± 0.66,196.20,12.41,196.2 ± 12.41,196.20,12.41,196.2 ± 12.41
mac_grafo23dens30.txt,1.00,0.00,1 ± 0,1.00,0.00,1 ± 0,22.00,0.00,22 ± 0,22.00,0.00,22 ± 0,231.00,0.00,231 ± 0,231.00,0.00,231 ± 0
mac_grafo24dens30.txt,1.50,0.50,1.5 ± 0.5,1.90,0.30,1.9 ± 0.3,22.30,0.46,22.3 ± 0.46,22.10,0.30,22.1 ± 0.3,235.40,8.80,235.4 ± 8.8,235.40,8.80,235.4 ± 8.8
mac_grafo25dens30.txt,1.00,0.00,1 ± 0,1.00,0.00,1 ± 0,24.00,0.00,24 ± 0,24.00,0.00,24 ± 0,276.00,0.00,276 ± 0,276.00,0.00,276 ± 0
mac_grafo26dens30.txt,1.00,0.00,1 ± 0,1.00,0.00,1 ± 0,25.00,0.00,25 ± 0,25.00,0.00,25 ± 0,300.00,0.00,300 ± 0,300.00,0.00,300 ± 0
mac_grafo27dens30.txt,1.00,0.00,1 ± 0,1.40,0.49,1.4 ± 0.49,26.00,0.00,26 ± 0,25.90,0.30,25.9 ± 0.3,320.00,10.00,320 ± 10,322.50,7.50,322.5 ± 7.5
mac_grafo28dens30.txt,1.00,0.00,1 ± 0,1.10,0.30,1.1 ± 0.3,27.00,0.00,27 ± 0,27.00,0.00,27 ± 0,351.00,0.00,351 ± 0,351.00,0.00,351 ± 0
mac_grafo29dens30.txt,1.00,0.00,1 ± 0,1.00,0.00,1 ± 0,28.00,0.00,28 ± 0,28.00,0.00,28 ± 0,378.00,0.00,378 ± 0,378.00,0.00,378 ± 0
mac_grafo30dens30.txt,1.00,0.00,1 ± 0,1.00,0.00,1 ± 0,29.00,0.00,29 ± 0,29.00,0.00,29 ± 0,406.00,0.00,406 ± 0,406.00,0.00,406 ± 0
Grand Total,3.53,4.66,3.53 ± 4.66,3.60,4.92,3.6 ± 4.92,66.75,86.50,66.75 ± 86.5,66.79,86.74,66.79 ± 86.74,5986.79,14476.01,5986.79 ± 14476.01,5966.00,14382.70,5966 ± 14382.7
