input_file,run_id,payoff_function,nodes,edges,k_nodes,k_edges,weight_budget,min_val,runtime_seconds,status,output_file
cor_adjnoun-w.txt,greedy_B005_pairwise_001,pairwise,112,425,5,12,0.05,4005.0,49.51,OK,outputs\reruns\greedy\greedy_B005_pairwise_001_cor_adjnoun-w.txt
cor_dolphins-w.txt,greedy_B005_pairwise_004,pairwise,62,159,3,4,0.05,1225.0,1.33,OK,outputs\reruns\greedy\greedy_B005_pairwise_004_cor_dolphins-w.txt
cor_football-w.txt,greedy_B005_pairwise_005,pairwise,115,613,5,18,0.05,5995.0,267.07,OK,outputs\reruns\greedy\greedy_B005_pairwise_005_cor_football-w.txt
cor_karate-w.txt,greedy_B005_pairwise_007,pairwise,34,78,1,2,0.05,310.0,0.68,OK,outputs\reruns\greedy\greedy_B005_pairwise_007_cor_karate-w.txt
cor_lesmis-w.txt,greedy_B005_pairwise_008,pairwise,77,254,3,7,0.05,912.0,4.80,OK,outputs\reruns\greedy\greedy_B005_pairwise_008_cor_lesmis-w.txt
cor_n050plai01.txt,greedy_B005_pairwise_009,pairwise,50,137,2,4,0.05,1081.0,1.05,OK,outputs\reruns\greedy\greedy_B005_pairwise_009_cor_n050plai01.txt
cor_n100plai01.txt,greedy_B005_pairwise_010,pairwise,100,285,5,8,0.05,4371.0,14.23,OK,outputs\reruns\greedy\greedy_B005_pairwise_010_cor_n100plai01.txt
cor_n150plai01.txt,greedy_B005_pairwise_011,pairwise,150,435,7,13,0.05,9870.0,114.97,OK,outputs\reruns\greedy\greedy_B005_pairwise_011_cor_n150plai01.txt
cor_n200plai01.txt,greedy_B005_pairwise_012,pairwise,200,577,10,17,0.05,17391.0,493.38,OK,outputs\reruns\greedy\greedy_B005_pairwise_012_cor_n200plai01.txt
cor_n250plai01.txt,greedy_B005_pairwise_013,pairwise,250,716,12,21,0.05,25651.0,1384.37,OK,outputs\reruns\greedy\greedy_B005_pairwise_013_cor_n250plai01.txt
cor_n300plai01.txt,greedy_B005_pairwise_014,pairwise,300,868,15,26,0.05,37950.0,3929.19,OK,outputs\reruns\greedy\greedy_B005_pairwise_014_cor_n300plai01.txt
cor_n350plai01.txt,greedy_B005_pairwise_015,pairwise,350,991,17,29,0.05,47895.0,7298.24,OK,outputs\reruns\greedy\greedy_B005_pairwise_015_cor_n350plai01.txt
cor_polbooks-w.txt,greedy_B005_pairwise_016,pairwise,105,441,5,13,0.05,4656.0,72.24,OK,outputs\reruns\greedy\greedy_B005_pairwise_016_cor_polbooks-w.txt
hos_20_r1_1.txt,greedy_B005_pairwise_017,pairwise,20,19,1,0,0.05,81.0,0.61,OK,outputs\reruns\greedy\greedy_B005_pairwise_017_hos_20_r1_1.txt
hos_20_r2_1.txt,greedy_B005_pairwise_018,pairwise,20,38,1,1,0.05,153.0,0.63,OK,outputs\reruns\greedy\greedy_B005_pairwise_018_hos_20_r2_1.txt
hos_25_r1_1.txt,greedy_B005_pairwise_019,pairwise,25,30,1,0,0.05,148.0,0.62,OK,outputs\reruns\greedy\greedy_B005_pairwise_019_hos_25_r1_1.txt
hos_25_r2_1.txt,greedy_B005_pairwise_020,pairwise,25,60,1,1,0.05,276.0,0.67,OK,outputs\reruns\greedy\greedy_B005_pairwise_020_hos_25_r2_1.txt
hos_30_r1_1.txt,greedy_B005_pairwise_021,pairwise,30,43,1,1,0.05,351.0,0.63,OK,outputs\reruns\greedy\greedy_B005_pairwise_021_hos_30_r1_1.txt
hos_30_r2_1.txt,greedy_B005_pairwise_022,pairwise,30,87,1,2,0.05,378.0,0.71,OK,outputs\reruns\greedy\greedy_B005_pairwise_022_hos_30_r2_1.txt
hos_35_r1_1.txt,greedy_B005_pairwise_023,pairwise,35,59,1,1,0.05,466.0,0.67,OK,outputs\reruns\greedy\greedy_B005_pairwise_023_hos_35_r1_1.txt
hos_35_r2_1.txt,greedy_B005_pairwise_024,pairwise,35,119,1,3,0.05,561.0,0.78,OK,outputs\reruns\greedy\greedy_B005_pairwise_024_hos_35_r2_1.txt
hos_40_r1_1.txt,greedy_B005_pairwise_025,pairwise,40,78,2,2,0.05,666.0,0.74,OK,outputs\reruns\greedy\greedy_B005_pairwise_025_hos_40_r1_1.txt
hos_40_r2_1.txt,greedy_B005_pairwise_026,pairwise,40,156,2,4,0.05,703.0,1.14,OK,outputs\reruns\greedy\greedy_B005_pairwise_026_hos_40_r2_1.txt
hos_45_r1_1.txt,greedy_B005_pairwise_027,pairwise,45,99,2,2,0.05,820.0,0.77,OK,outputs\reruns\greedy\greedy_B005_pairwise_027_hos_45_r1_1.txt
hos_45_r2_1.txt,greedy_B005_pairwise_028,pairwise,45,198,2,5,0.05,903.0,1.57,OK,outputs\reruns\greedy\greedy_B005_pairwise_028_hos_45_r2_1.txt
hos_50_r1_1.txt,greedy_B005_pairwise_029,pairwise,50,122,2,3,0.05,1035.0,0.89,OK,outputs\reruns\greedy\greedy_B005_pairwise_029_hos_50_r1_1.txt
hos_50_r2_1.txt,greedy_B005_pairwise_030,pairwise,50,245,2,7,0.05,1128.0,3.45,OK,outputs\reruns\greedy\greedy_B005_pairwise_030_hos_50_r2_1.txt
mac_grafo10dens30.txt,greedy_B005_pairwise_031,pairwise,10,13,0,0,0.05,ERROR,0.32,ERROR,outputs\reruns\greedy\greedy_B005_pairwise_031_mac_grafo10dens30.txt
mac_grafo11dens30.txt,greedy_B005_pairwise_032,pairwise,11,16,0,0,0.05,ERROR,0.32,ERROR,outputs\reruns\greedy\greedy_B005_pairwise_032_mac_grafo11dens30.txt
mac_grafo12dens30.txt,greedy_B005_pairwise_033,pairwise,12,19,0,0,0.05,ERROR,0.32,ERROR,outputs\reruns\greedy\greedy_B005_pairwise_033_mac_grafo12dens30.txt
mac_grafo13dens30.txt,greedy_B005_pairwise_034,pairwise,13,23,0,0,0.05,ERROR,0.30,ERROR,outputs\reruns\greedy\greedy_B005_pairwise_034_mac_grafo13dens30.txt
mac_grafo14dens30.txt,greedy_B005_pairwise_035,pairwise,14,27,0,0,0.05,ERROR,0.33,ERROR,outputs\reruns\greedy\greedy_B005_pairwise_035_mac_grafo14dens30.txt
mac_grafo15dens30.txt,greedy_B005_pairwise_036,pairwise,15,31,0,0,0.05,ERROR,0.33,ERROR,outputs\reruns\greedy\greedy_B005_pairwise_036_mac_grafo15dens30.txt
mac_grafo16dens30.txt,greedy_B005_pairwise_037,pairwise,16,36,0,1,0.05,105.0,0.61,OK,outputs\reruns\greedy\greedy_B005_pairwise_037_mac_grafo16dens30.txt
mac_grafo17dens30.txt,greedy_B005_pairwise_038,pairwise,17,40,0,1,0.05,120.0,0.60,OK,outputs\reruns\greedy\greedy_B005_pairwise_038_mac_grafo17dens30.txt
mac_grafo18dens30.txt,greedy_B005_pairwise_039,pairwise,18,45,0,1,0.05,153.0,0.62,OK,outputs\reruns\greedy\greedy_B005_pairwise_039_mac_grafo18dens30.txt
mac_grafo19dens30.txt,greedy_B005_pairwise_040,pairwise,19,51,0,1,0.05,171.0,0.64,OK,outputs\reruns\greedy\greedy_B005_pairwise_040_mac_grafo19dens30.txt
mac_grafo20dens30.txt,greedy_B005_pairwise_041,pairwise,20,57,1,1,0.05,153.0,0.66,OK,outputs\reruns\greedy\greedy_B005_pairwise_041_mac_grafo20dens30.txt
mac_grafo21dens30.txt,greedy_B005_pairwise_042,pairwise,21,63,1,1,0.05,171.0,0.64,OK,outputs\reruns\greedy\greedy_B005_pairwise_042_mac_grafo21dens30.txt
mac_grafo22dens30.txt,greedy_B005_pairwise_043,pairwise,22,69,1,2,0.05,210.0,0.68,OK,outputs\reruns\greedy\greedy_B005_pairwise_043_mac_grafo22dens30.txt
mac_grafo23dens30.txt,greedy_B005_pairwise_044,pairwise,23,75,1,2,0.05,231.0,0.67,OK,outputs\reruns\greedy\greedy_B005_pairwise_044_mac_grafo23dens30.txt
mac_grafo24dens30.txt,greedy_B005_pairwise_045,pairwise,24,82,1,2,0.05,231.0,0.69,OK,outputs\reruns\greedy\greedy_B005_pairwise_045_mac_grafo24dens30.txt
mac_grafo25dens30.txt,greedy_B005_pairwise_046,pairwise,25,90,1,2,0.05,276.0,0.69,OK,outputs\reruns\greedy\greedy_B005_pairwise_046_mac_grafo25dens30.txt
mac_grafo26dens30.txt,greedy_B005_pairwise_047,pairwise,26,97,1,2,0.05,300.0,0.71,OK,outputs\reruns\greedy\greedy_B005_pairwise_047_mac_grafo26dens30.txt
mac_grafo27dens30.txt,greedy_B005_pairwise_048,pairwise,27,105,1,3,0.05,325.0,0.76,OK,outputs\reruns\greedy\greedy_B005_pairwise_048_mac_grafo27dens30.txt
mac_grafo28dens30.txt,greedy_B005_pairwise_049,pairwise,28,113,1,3,0.05,351.0,0.76,OK,outputs\reruns\greedy\greedy_B005_pairwise_049_mac_grafo28dens30.txt
mac_grafo29dens30.txt,greedy_B005_pairwise_050,pairwise,29,121,1,3,0.05,378.0,0.77,OK,outputs\reruns\greedy\greedy_B005_pairwise_050_mac_grafo29dens30.txt
mac_grafo30dens30.txt,greedy_B005_pairwise_051,pairwise,30,130,1,3,0.05,406.0,0.81,OK,outputs\reruns\greedy\greedy_B005_pairwise_051_mac_grafo30dens30.txt
cor_adjnoun-w.txt,greedy_B005_components_001,components,112,425,5,12,0.05,-18.0,56.12,OK,outputs\reruns\greedy\greedy_B005_components_001_cor_adjnoun-w.txt
cor_dolphins-w.txt,greedy_B005_components_004,components,62,159,3,4,0.05,-10.0,1.47,OK,outputs\reruns\greedy\greedy_B005_components_004_cor_dolphins-w.txt
cor_football-w.txt,greedy_B005_components_005,components,115,613,5,18,0.05,-1.0,282.42,OK,outputs\reruns\greedy\greedy_B005_components_005_cor_football-w.txt
cor_karate-w.txt,greedy_B005_components_007,components,34,78,1,2,0.05,-5.0,0.70,OK,outputs\reruns\greedy\greedy_B005_components_007_cor_karate-w.txt
cor_lesmis-w.txt,greedy_B005_components_008,components,77,254,3,7,0.05,-23.0,5.00,OK,outputs\reruns\greedy\greedy_B005_components_008_cor_lesmis-w.txt
cor_n050plai01.txt,greedy_B005_components_009,components,50,137,2,4,0.05,-2.0,1.10,OK,outputs\reruns\greedy\greedy_B005_components_009_cor_n050plai01.txt
cor_n100plai01.txt,greedy_B005_components_010,components,100,285,5,8,0.05,-2.0,15.87,OK,outputs\reruns\greedy\greedy_B005_components_010_cor_n100plai01.txt
cor_n150plai01.txt,greedy_B005_components_011,components,150,435,7,13,0.05,-3.0,127.65,OK,outputs\reruns\greedy\greedy_B005_components_011_cor_n150plai01.txt
cor_n200plai01.txt,greedy_B005_components_012,components,200,577,10,17,0.05,-3.0,553.26,OK,outputs\reruns\greedy\greedy_B005_components_012_cor_n200plai01.txt
cor_n250plai01.txt,greedy_B005_components_013,components,250,716,12,21,0.05,-13.0,1517.34,OK,outputs\reruns\greedy\greedy_B005_components_013_cor_n250plai01.txt
cor_n300plai01.txt,greedy_B005_components_014,components,300,868,15,26,0.05,-9.0,4360.92,OK,outputs\reruns\greedy\greedy_B005_components_014_cor_n300plai01.txt
